
INSERT INTO [dbo].[PEDIDOS] ([Codigo], [Tipo], [Numero], [Cliente], [Fechaemi])
VALUES 
('F001', 'FAC', 1001, 'C001', '2023-01-15'),
('F002', 'FAC', 1002, 'C002', '2023-02-20'),
('F003', 'FAC', 1003, 'C003', '2023-03-10'),
('F004', 'FAC', 1004, 'C004', '2023-04-05'),
('F005', 'FAC', 1005, 'C005', '2023-05-25'),
('F006', 'FAC', 1006, 'C006', '2023-06-14'),
('F007', 'FAC', 1007, 'C007', '2023-07-22'),
('F008', 'FAC', 1008, 'C008', '2023-08-30'),
('F009', 'FAC', 1009, 'C009', '2023-09-18'),
('F010', 'FAC', 1010, 'C010', '2023-10-03');

INSERT INTO [dbo].[DETALLEPEDIDO] ([Codigo], [Producto], [Totalfun], [Precio], [Subtotal], [Iva], [Neto])
VALUES 
('F001', 101,10	,15	,150.00,18.00 ,	168.00),
('F002', 102,5	,20	,100.00,12.00 ,	112.00),
('F003', 101,8	,15	,120.00,14.40 ,	134.40),
('F004', 103,12	,10	,120.00,14.40 ,	134.40),
('F005', 104,3	,50	,150.00,18.00 ,	168.00),
('F006', 105,7	,30	,210.00,25.20 ,	235.20),
('F007', 106,2	,40	,80.00, 9.00 ,  89.600),
('F008', 107,6	,25	,150.00,18.00 ,	168.00),
('F009', 108,4	,35	,140.00,16.80 ,	156.80),
('F010', 109,1	,100,100.00,12.00 ,	112.00),
('F010', 101,5	,80	,400.00,48.00 ,	448.00),
('F005', 101,4	,35	,140.00,16.80 ,	156.80),
('F004', 105,12	,20	,240.00,28.80 ,	228.80),
('F002', 101,12	,20	,240.00,28.80 ,	228.80);

INSERT INTO [dbo].[PRODUCTO] ([Codigo], [Codigo_Producto], [Nombre], [Estado])
VALUES 
(101, 'P001', 'Producto A', 1),
(102, 'P002', 'Producto B', 1),
(103, 'P003', 'Producto C', 1),
(104, 'P004', 'Producto D', 0),
(105, 'P005', 'Producto E', 1),
(106, 'P006', 'Producto F', 1),
(107, 'P007', 'Producto G', 0),
(108, 'P008', 'Producto H', 1),
(109, 'P009', 'Producto I', 0),
(110, 'P010', 'Producto J', 1);


INSERT INTO [dbo].[CLIENTE] ([Codigo], [Razon_Social])
VALUES 
('C001', 'Juan Perez'),
('C002', 'Carlos Rodríguez'),
('C003', 'Francisco Ramírez'),
('C004', 'Lucía Torres'),
('C005', 'Manuel Ortiz'),
('C006', 'Isabel Rivas'),
('C007', 'Carlos Rodríguez'),
('C008', 'Laura López'),
('C009', 'Isabel Rivas'),
('C010', 'Antonio Ruiz');

